key,en,fr,ar
classroom_intro_01,"Good morning, everyone.","Bonjour à tous.","صباح الخير جميعاً."
classroom_intro_02,"We have been late on our lesson.","Nous avons pris du retard dans notre leçon.","لقد تأخرنا في درسنا."
classroom_intro_03,"Let's start right away.","Commençons tout de suite.","لنبدأ فوراً."
classroom_intro_04,"Can you open to page 54?","Pouvez-vous ouvrir à la page 54 ?","هل يمكنكم فتح الصفحة 54؟"
player_intro_01,"I am getting enough of this.","J'en ai assez de tout ça.","لقد سئمت من كل هذا."
player_intro_02,"Didn't we study that last week?","On n'a pas déjà étudié ça la semaine dernière ?","ألم ندرس هذا الأسبوع الماضي؟"
teacher_2_01,"Teacher: Pay attention to the board, please.","Professeur : Sois attentif au tableau, s'il te plaît.","المعلم: انتبه إلى السبورة من فضلك."
lookback_book_01,"Child: Wait... this illustration wasn't here before.","Enfant : Attends... cette illustration n'était pas là avant.","الطفل: مهلاً... هذا الرسم لم يكن هنا من قبل."
lookback_book_02,"Child: It feels like... it's calling to me.","Enfant : C'est comme... s'il m'appelait.","الطفل: يبدو وكأنه... يناديني."
teddy_greet_01,"Hey there, little friend.","Salut, petit ami.","مرحباً يا صديقي الصغير."
teddy_greet_02,"How are you?","Comment vas-tu ?","كيف حالك؟"
Hi,"Hello!","Salut !","مرحباً!"
How Are You,"How are you?","Comment vas-tu ?","كيف حالك؟"
teddy_metro_01,"This place feels strange.","Cet endroit semble étrange.","هذا المكان يبدو غريباً."
teddy_metro_02,"Stay close to me.","Reste près de moi.","ابقَ قريباً مني."
teddy_metro_03,"{TEDDY_NAME}: The elevator is on, but we need our train ticket!","{TEDDY_NAME} : L'ascenseur est allumé, mais il nous faut notre billet !","{TEDDY_NAME}: المصعد يعمل، لكننا نحتاج تذكرتنا!"
teddy_metro_04,"{TEDDY_NAME}: Look around the platform... it must be here!","{TEDDY_NAME} : Cherche sur le quai... il doit être ici !","{TEDDY_NAME}: ابحث في الرصيف... لا بد أنها هنا!"
teddy_metro_05,"{TEDDY_NAME}: You found the ticket!","{TEDDY_NAME} : Tu as trouvé le billet !","{TEDDY_NAME}: لقد وجدت التذكرة!"
teddy_metro_06,"{TEDDY_NAME}: Let's go, the elevator is ready for us!","{TEDDY_NAME} : Allons-y, l'ascenseur nous attend !","{TEDDY_NAME}: هيا بنا، المصعد جاهز لنا!"
begger_metro_01,"Old Traveler: Welcome, welcome... you took your time getting here.","Vieux voyageur : Bienvenue, bienvenue... tu as mis du temps à venir.","المسافر العجوز: أهلاً، أهلاً... لقد تأخرت في المجيء."
begger_metro_02,"Old Traveler: Still wearing your school uniform... were you studying?","Vieux voyageur : Toujours avec ton tablier d'école... tu étudiais ?","المسافر العجوز: ما زلت ترتدي مريلة المدرسة... هل كنت تدرس؟"
begger_metro_03,"Old Traveler: Things aren't quite the way you remember them.","Vieux voyageur : Les choses ne sont plus comme dans tes souvenirs.","المسافر العجوز: لم تعد الأمور كما كنت تتذكرها أبداً."
begger_metro_04,"Old Traveler: Anyway, the others are upstairs... go up to them.","Vieux voyageur : Quoi qu'il en soit, les autres sont en haut... va les rejoindre.","المسافر العجوز: على أية حال، الآخرون في الطابق العلوي... اصعد إليهم."
teddy_reaction_train_01,"{TEDDY_NAME}: What happened?!","{TEDDY_NAME} : Qu'est-ce qui s'est passé ?!","{TEDDY_NAME}: ماذا حدث؟!"
neighbor_01,"Neighbor: Ah... you're finally here.","Voisin : Ah... tu es enfin là.","الجار: آه... لقد وصلت أخيراً."
neighbor_02,"Child: Here?","Enfant : Ici ?","الطفل: هنا؟"
neighbor_03,"Neighbor: We've been waiting for you.","Voisin : Nous t'attendions.","الجار: لقد كنا ننتظرك."
neighbor_04,"Child: For what?","Enfant : Pourquoi ?","الطفل: من أجل ماذا؟"
neighbor_05,"Neighbor: ...","Voisin : ...","الجار: ..."
shop_01,"Shop Owner: We thought you weren't coming.","Commerçant : On pensait que tu ne viendrais pas.","صاحب المتجر: ظننا أنك لن تأتي."
shop_02,"Child: Where are we going?","Enfant : Où allons-nous ?","الطفل: إلى أين نحن ذاهبون؟"
shop_03,"Shop Owner: I don't know.","Commerçant : Je ne sais pas.","صاحب المتجر: لا أعلم."
shop_04,"Child: Then why are you waiting?","Enfant : Alors pourquoi m'attendez-vous ?","الطفل: إذن لماذا تنتظرني؟"
shop_05,"Shop Owner: For you.","Commerçant : Pour toi.","صاحب المتجر: من أجلك."
bully_01,"Bully: You still don't understand?","Harceleur : Tu ne comprends toujours pas ?","المتنمر: ألا زلت لا تفهم؟"
bully_02,"Child: Understand what?","Enfant : Comprendre quoi ?","الطفل: أفهم ماذا؟"
bully_03,"Bully: Why nobody plays with you.","Harceleur : Pourquoi personne ne joue avec toi.","المتنمر: لماذا لا يلعب أحد معك."
bully_04,"Child: But you used to play with me.","Enfant : Mais tu jouais avec moi avant.","الطفل: لكنك كنت تلعب معي من قبل."
bully_05,"Bully: ...","Harceleur : ...","المتنمر: ..."
teddy_met_people_01,"{TEDDY_NAME}: Forget about them.","{TEDDY_NAME} : Oublie-les.","{TEDDY_NAME}: انسَ أمرهم."
teddy_met_people_02,"{TEDDY_NAME}: Why don't we play Truth or Dare?","{TEDDY_NAME} : Pourquoi ne pas jouer à Action ou Vérité ?","{TEDDY_NAME}: لمَ لا نلعب صراحة أو جرأة؟"
truth_01,"{TEDDY_NAME}: Truth.","{TEDDY_NAME} : Vérité.","{TEDDY_NAME}: صراحة."
truth_02,"{TEDDY_NAME}: You're scared when you're alone.","{TEDDY_NAME} : Tu as peur quand tu es seul.","{TEDDY_NAME}: أنت خائف عندما تكون وحدك."
truth_03,"Child: No, I'm not.","Enfant : Non, ce n'est pas vrai.","الطفل: لا، لست كذلك."
truth_04,"{TEDDY_NAME}: Liar.","{TEDDY_NAME} : Menteur.","{TEDDY_NAME}: كاذب."
dare_01,"{TEDDY_NAME}: Dare.","{TEDDY_NAME} : Action.","{TEDDY_NAME}: جرأة."
dare_02,"{TEDDY_NAME}: Go to the end of the platform.","{TEDDY_NAME} : Va au bout du quai.","{TEDDY_NAME}: اذهب إلى نهاية الرصيف."
dare_complete_01,"{TEDDY_NAME}: See? You weren't scared.","{TEDDY_NAME} : Tu vois ? Tu n'avais pas peur.","{TEDDY_NAME}: أرأيت؟ لم تكن خائفاً."
turn_01,"Child: Your turn.","Enfant : À ton tour.","الطفل: دورك."
turn_02,"{TEDDY_NAME}: Wake up.","{TEDDY_NAME} : Réveille-toi.","{TEDDY_NAME}: استيقظ."
turn_03,"Child: What?","Enfant : Quoi ?","الطفل: ماذا؟"
turn_04,"{TEDDY_NAME}: Wake up.","{TEDDY_NAME} : Réveille-toi.","{TEDDY_NAME}: استيقظ."
turn_05,"Child: But I'm awake.","Enfant : Mais je suis réveillé.","الطفل: لكني مستيقظ."
turn_06,"{TEDDY_NAME}: No.","{TEDDY_NAME} : Non.","{TEDDY_NAME}: لا."
cinematic_01,"Teacher: It's getting worse.","Professeur : Ça empire.","المعلم: الأمر يزداد سوءاً."
cinematic_02,"Mother: What do we do?","Mère : Que devons-nous faire ?","الأم: ماذا نفعل؟"
cinematic_03,"Teacher: He keeps talking to someone.","Professeur : Il n'arrête pas de parler à quelqu'un.","المعلم: إنه يستمر في التحدث مع شخص ما."
cinematic_04,"Father: Who?","Père : Qui ?","الأب: من؟"
cinematic_05,"Teacher: He calls him by a name.","Professeur : Il l'appelle par un prénom.","المعلم: يناديه باسم."
cinematic_06,"Teacher: But there is nobody there.","Professeur : Mais il n'y a personne.","المعلم: لكن لا يوجد أحد هناك."
cinematic_07,"Mother: No... please...","Mère : Non... s'il vous plaît...","الأم: لا... رجاء..."
cinematic_08,"Teacher: He keeps saying that someone is waiting for him.","Professeur : Il répète toujours que quelqu'un l'attend.","المعلم: يقول دائماً إن شخصاً ما ينتظره."
cinematic_09,"Teacher: He keeps screaming that name.","Professeur : Il n'arrête pas de crier ce nom.","المعلم: إنه يصرخ بذلك الاسم باستمرار."
scream_01,"Child: {TEDDY_NAME}!","Enfant : {TEDDY_NAME} !","الطفل: {TEDDY_NAME}!"
scream_02,"Child: {TEDDY_NAME}!","Enfant : {TEDDY_NAME} !","الطفل: {TEDDY_NAME}!"
episode_01,"Teacher: It's happening again!","Professeur : Ça recommence !","المعلم: لقد عاد الأمر مجدداً!"
episode_02,"Mother: My son!","Mère : Mon fils !","الأم: ابني!"
episode_03,"Father: Hold him!","Père : Retenez-le !","الأب: أمسكوا به!"
episode_04,"Child: {TEDDY_NAME}!","Enfant : {TEDDY_NAME} !","الطفل: {TEDDY_NAME}!"
final_teddy_01,"{TEDDY_NAME}: Don't let them take you.","{TEDDY_NAME} : Ne les laisse pas te prendre.","{TEDDY_NAME}: لا تدعهم يأخذونك."
final_teddy_02,"Child: {TEDDY_NAME}!","Enfant : {TEDDY_NAME} !","الطفل: {TEDDY_NAME}!"
transit_pass_01,"Child: An old metro keycard... maybe this powers the elevator upstairs.","Enfant : Une vieille carte de métro... peut-être qu'elle active l'ascenseur en haut.","الطفل: بطاقة مترو قديمة... ربما تشغل المصعد في الأعلى."
vending_machine_01,"Child: It's broken... Someone stuck a torn note: 'Don't listen to the train.'","Enfant : C'est en panne... Quelqu'un a collé un mot déchiré : 'N'écoute pas le train.'","الطفل: إنها معطلة... شخص ما ألصق ورقة ممزقة: 'لا تستمع إلى القطار.'"
intercom_01,"Intercom: *Static* ... Attention passengers... upper platform service is restricted...","Interphone : *Grésillements* ... Attention voyageurs... le service du quai supérieur est limité...","مكبر الصوت: *تشويش* ... انتباه للركاب... خدمة الرصيف العلوي مقيدة..."
elevator_train_reaction_01,"{TEDDY_NAME}: What was that?! That train... it almost crushed us!","{TEDDY_NAME} : C'était quoi ça ?! Ce train... il a failli nous écraser !","{TEDDY_NAME}: ما هذا؟! ذلك القطار... كاد يسحقنا!"
elevator_train_reaction_02,"{TEDDY_NAME}: Hold on to me tight. Don't let go.","{TEDDY_NAME} : Tiens-toi bien à moi. Ne lâche pas.","{TEDDY_NAME}: تمسك بي جيداً. لا تفلتني."
departure_board_01,"Child: The departure board is flickering... All destinations are erased except: 'ROOM 302'.","Enfant : Le tableau des départs clignote... Toutes les destinations sont effacées sauf : 'SALLE 302'.","الطفل: لوحة المغادرة تومض... تم مسح جميع الوجهات باستثناء: 'الغرفة 302'."
teddy_lost_piece_01,"{TEDDY_NAME}: You found my ribbon! You always remember where I leave my things.","{TEDDY_NAME} : Tu as trouvé mon ruban ! Tu te souviens toujours d'où je laisse mes affaires.","{TEDDY_NAME}: لقد وجدت شريطي! أنت تتذكر دائماً أين أترك أشيائي."
bully_floor3_01,"Bully: You actually came up here? You still haven't learned.","Harceleur : Tu es vraiment monté ici ? Tu n'as toujours pas compris.","المتنمر: هل صعدت حقاً إلى هنا؟ ألا زلت لم تتعلم بعد."
bully_floor3_02,"Child: What are you talking about?","Enfant : De quoi tu parles ?","الطفل: عن ماذا تتحدث؟"
bully_floor3_03,"Bully: Look around. It's empty. Nobody is waiting for you down there, and nobody is waiting here.","Harceleur : Regarde autour de toi. C'est vide. Personne ne t'attend en bas, et personne n'attend ici.","المتنمر: انظر حولك. المكان فارغ. لا أحد ينتظرك بالأسفل، ولا أحد ينتظرك هنا."
bully_floor3_04,"Child: My teddy says you're wrong.","Enfant : Mon doudou dit que tu as tort.","الطفل: دبي يقول إنك مخطئ."
bully_floor3_05,"Bully: ... That thing is not your friend.","Harceleur : ... Cette chose n'est pas ton ami.","المتنمر: ... ذلك الشيء ليس صديقك."
darkroom_01,"{TEDDY_NAME}: Your brother is not coming back.","{TEDDY_NAME} : Ton frère ne reviendra pas.","{TEDDY_NAME}: أخوك لن يعود."
darkroom_02,"Child: No... He's waiting for me. He promised.","Enfant : Non... Il m'attend. Il me l'a promis.","الطفل: لا... إنه ينتظرني. لقد وعدني."
darkroom_03,"{TEDDY_NAME}: Look at me.","{TEDDY_NAME} : Regarde-moi.","{TEDDY_NAME}: انظر إلي."
darkroom_04,"{TEDDY_NAME}: I am not your brother.","{TEDDY_NAME} : Je ne suis pas ton frère.","{TEDDY_NAME}: أنا لست أخاك."
darkroom_05,"Child: Stop saying that!","Enfant : Arrête de dire ça !","الطفل: توقف عن قول ذلك!"
darkroom_06,"{TEDDY_NAME}: You created me so you wouldn't be alone. Because you couldn't accept what happened to him.","{TEDDY_NAME} : Tu m'as créé pour ne pas être seul. Parce que tu ne pouvais pas accepter ce qui lui est arrivé.","{TEDDY_NAME}: لقد صنعتني كي لا تكون وحيداً. لأنك لم تستطع تقبل ما حدث له."
darkroom_07,"Child: Where is he then?!","Enfant : Où est-il alors ?!","الطفل: أين هو إذن؟!"
darkroom_08,"{TEDDY_NAME}: Remember that day. The pool.","{TEDDY_NAME} : Souviens-toi de ce jour-là. La piscine.","{TEDDY_NAME}: تذكر ذلك اليوم. المسبح."
pool_intro_01,"{TEDDY_NAME}: Look around. The things he left behind are still here.","{TEDDY_NAME} : Regarde autour de toi. Les affaires qu'il a laissées sont toujours là.","{TEDDY_NAME}: انظر حولك. الأشياء التي تركها وراءه لا تزال هنا."
pool_mem_pants_01,"Child: These were his pants...","Enfant : C'était son pantalon...","الطفل: كان هذا بنطاله..."
pool_mem_bag_01,"Child: His school bag... He was supposed to go home with me.","Enfant : Son sac d'école... Il était censé rentrer à la maison avec moi.","الطفل: حقيبته المدرسية... كان من المفترض أن يعود إلى المنزل معي."
pool_mem_shoes_01,"Child: His shoes... He left them right by the edge.","Enfant : Ses chaussures... Il les avait laissées juste au bord.","الطفل: حذاؤه... تركه عند الحافة مباشرة."
pool_mem_towel_01,"Child: A towel... It was still dry.","Enfant : Une serviette... Elle était encore sèche.","الطفل: منشفة... كانت لا تزال جافة."
pool_mem_phone_01,"Child: His phone... The screen is cracked. He was trying to call...","Enfant : Son téléphone... L'écran est fissuré. Il essayait d'appeler...","الطفل: هاتفه... الشاشة مكسورة. كان يحاول الاتصال..."
pool_throw_01,"{TEDDY_NAME}: You don't need them anymore.","{TEDDY_NAME} : Tu n'en as plus besoin.","{TEDDY_NAME}: لم تعد بحاجة إليها بعد الآن."
pool_throw_02,"Child: Why?","Enfant : Pourquoi ?","الطفل: لماذا؟"
pool_throw_03,"{TEDDY_NAME}: Because they keep bringing you back here.","{TEDDY_NAME} : Parce qu'ils te ramènent toujours ici.","{TEDDY_NAME}: لأنها تستمر في إعادتك إلى هنا."
pool_throw_04,"{TEDDY_NAME}: Let them go. Each memory is a weight holding you down.","{TEDDY_NAME} : Laisse-les partir. Chaque souvenir est un poids qui t'entraîne vers le bas.","{TEDDY_NAME}: دعها تذهب. كل ذكرى هي ثقل يشدك إلى الأسفل."
pool_throw_05,"{TEDDY_NAME}: Let go of the past.","{TEDDY_NAME} : Laisse partir le passé.","{TEDDY_NAME}: دع الماضي يرحل."
pool_throw_06,"{TEDDY_NAME}: Only one thing remains. His phone.","{TEDDY_NAME} : Il ne reste plus qu'une seule chose. Son téléphone.","{TEDDY_NAME}: لم يتبقَ سوى شيء واحد. هاتفه."
pool_throw_final_01,"{TEDDY_NAME}: It's time to wake up.","{TEDDY_NAME} : Il est temps de te réveiller.","{TEDDY_NAME}: حان وقت الاستيقاظ."
teacher_ending_01,"Teacher: {CHILD_NAME}?","Professeur : {CHILD_NAME} ?","المعلم: {CHILD_NAME}؟"
teacher_ending_02,"Teacher: ... Are you with us?","Professeur : ... Tu es avec nous ?","المعلم: ... هل أنت معنا؟"
beach_intro_01,"{TEDDY_NAME}: Look at that ocean... This is the beach where everything changed.","{TEDDY_NAME} : Regarde cet océan... C'est sur cette plage que tout a basculé.","{TEDDY_NAME}: انظر إلى ذلك المحيط... هذا هو الشاطئ حيث تغير كل شيء."
beach_intro_02,"{TEDDY_NAME}: The waves were so rough that day. You were drowning... and your brother jumped in to save you.","{TEDDY_NAME} : Les vagues étaient si fortes ce jour-là. Tu te noyais... et ton frère a sauté pour te sauver.","{TEDDY_NAME}: كانت الأمواج عاتية في ذلك اليوم. كنت تغرق... وقفز أخوك لينقذك."
beach_intro_03,"Child: Stop... Why are you making me remember this?","Enfant : Arrête... Pourquoi me fais-tu revivre ça ?","الطفل: توقف... لماذا تجعلني أتذكر هذا؟"
beach_intro_04,"{TEDDY_NAME}: Because you can't run forever. He would want you to move forward. Come on... let's build a boat!","{TEDDY_NAME} : Parce que tu ne peux pas fuir éternellement. Il voudrait que tu avances. Allez... construisons un bateau !","{TEDDY_NAME}: لأنك لا تستطيع الهروب إلى الأبد. كان سيريدك أن تمضي قدماً. هيا... لنبنِ قارباً!"
beach_intro_05,"{TEDDY_NAME}: Find some wood logs and a cloth on the sand for the sail.","{TEDDY_NAME} : Trouve des morceaux de bois et un tissu sur le sable pour la voile.","{TEDDY_NAME}: ابحث عن بعض الأخشاب وقطعة قماش على الرمال للشراع."
beach_intro_06,"Child: A boat...? Alright... let's build a raft.","Enfant : Un bateau... ? D'accord, construisons un radeau.","الطفل: قارب...؟ حسناً، لنبنِ طوافة."
beach_ending_ready,"{TEDDY_NAME}: The boat is ready! Come on, get on the raft!","{TEDDY_NAME} : Le bateau est prêt ! Viens, monte sur le radeau !","{TEDDY_NAME}: القارب جاهز! هيا، اصعد على الطوافة!"
teddy_fuse_hint_01,"{TEDDY_NAME}: The fuse box has no power... Remember our neighbor over on the platform? He always knew how to fix electrics. We should go ask him!","{TEDDY_NAME} : La boîte à fusibles n'a pas de courant... Tu te souviens du voisin sur le quai ? Il s'y connaît en électricité. Allons lui demander !","{TEDDY_NAME}: صندوق القواطع بدون كهرباء... هل تتذكر جارنا هناك على الرصيف؟ إنه ماهر في الكهرباء دائماً. فلنذهب ونسأله!"
teddy_fuse_hint_02,"Child: Good idea. Let's go see what he says.","Enfant : Bonne idée. Allons voir ce qu'il dit.","الطفل: فكرة جيدة. لنذهب ونرى ما سيقوله."
neighbor_fuse_advice_01,"Neighbor: Ah, you're trying to power the elevator with the emergency fuse box?","Voisin : Ah, tu essaies d'alimenter l'ascenseur avec la boîte à fusibles de secours ?","الجار: آه، هل تحاول تزويد المصعد بالكهرباء من صندوق القواطع الاحتياطي؟"
neighbor_fuse_advice_02,"Child: Yes! But the switches don't have power and nothing is turning on.","Enfant : Oui ! Mais les disjoncteurs n'ont pas de courant et rien ne s'allume.","الطفل: نعم! لكن القواطع لا يوجد بها كهرباء ولا شيء يعمل."
neighbor_fuse_advice_03,"Neighbor: It's an old relay system. The 3rd switch in the center is the bypass. You need to flip switches 1, 2, 4, and 5 DOWN, but leave the 3rd middle switch UP!","Voisin : C'est un vieux système de relais. Le 3e interrupteur au centre est le disjoncteur de dérivation. Tu dois basculer les 1, 2, 4 et 5 vers le BAS, mais laisser le 3e au centre vers le HAUT !","الجار: إنه نظام ترحيل قديم. القاطع الثالث في المنتصف هو قاطع التجاوز. عليك قلب القواطع 1 و2 و4 و5 للأسفل، وترك القاطع الثالث في المنتصف للأعلى!"
neighbor_fuse_advice_04,"Child: Switches 1, 2, 4, and 5 DOWN, center switch UP... got it!","Enfant : Les 1, 2, 4 et 5 vers le bas, et le central vers le haut... compris !","الطفل: القواطع 1 و2 و4 و5 للأسفل، والأوسط للأعلى... فهمت!"
neighbor_fuse_advice_05,"Neighbor: That's the secret. If that middle bypass flips down, the circuit trips. Set that pattern and the power will surge right back.","Voisin : C'est exactement ça. Si ce pontage central s'abaisse, le circuit disjoncte. Règle cette combinaison et le courant reviendra immédiatement.","الجار: هذا هو السر تماماً. إذا انخفض قاطع التجاوز الأوسط سيتعطل المسار. طبق هذا النمط وسيعود التيار الكهربائي فوراً."
neighbor_fuse_reminder_01,"Neighbor: Remember: flip switches 1, 2, 4, and 5 DOWN, but keep the center switch UP!","Voisin : Rappelle-toi : bascule les 1, 2, 4 et 5 vers le bas, mais laisse le central vers le haut !","الجار: تذكر: اقلب القواطع 1 و2 و4 و5 للأسفل، ودع القاطع الأوسط للأعلى!"
elevator_door_no_power,"Child: The elevator doors won't open. The power grid is offline.","Enfant : Les portes de l'ascenseur ne s'ouvrent pas. Le réseau électrique est hors tension.","الطفل: أبواب المصعد لا تفتح. شبكة الكهرباء مقطوعة."
elevator_door_no_ticket,"Child: The elevator requires a train ticket to open and operate.","Enfant : L'ascenseur a besoin d'un billet de train pour s'ouvrir et fonctionner.","الطفل: يحتاج المصعد إلى تذكرة قطار ليفتح ويعمل."
elevator_btn_no_power,"Child: The elevator power is completely offline. I need to restore it at the fuse box nearby.","Enfant : L'ascenseur est totalement hors tension. Je dois rétablir le courant au disjoncteur tout près.","الطفل: طاقة المصعد مقطوعة بالكامل. أحتاج لإعادتها من صندوق القواطع القريب."
elevator_btn_no_ticket,"Child: The elevator has power now, but I can't ride it without a train ticket.","Enfant : L'ascenseur est alimenté maintenant, mais je ne peux pas monter sans billet de train.","الطفل: المصعد يعمل الآن، لكن لا يمكنني ركوبه دون تذكرة قطار."
elevator_btn_no_teddy,"Child: I can't leave without my teddy bear. He's somewhere on the platform.","Enfant : Je ne peux pas partir sans mon ours en peluche. Il est quelque part sur le quai.","الطفل: لا يمكنني المغادرة بدون دبي المحشو. إنه في مكان ما على الرصيف."
